,Ticker,DCF_Value,Market_Cap,Current_Price,DCF_MarketCap_Ratio,Theoretical_Price,Symbol,Security,GICS Sector,GICS Sub-Industry
0,NCLH,5146208224668.416,8031102756.25,18.13,640.7847565720052,11617.427636650455,NCLH,Norwegian Cruise Line Holdings,Consumer Discretionary,"Hotels, Resorts & Cruise Lines"
1,CCL,4709663358701.276,29398608136.800003,23.28,160.20021549271607,3729.46101667043,CCL,Carnival,Consumer Discretionary,"Hotels, Resorts & Cruise Lines"
2,RCL,4694106569904.259,67475932227.950005,262.37,69.56712437919987,18252.32642337067,RCL,Royal Caribbean Group,Consumer Discretionary,"Hotels, Resorts & Cruise Lines"
3,WBD,718451756217.7465,23702893869.46,10.58,30.31071902757983,320.6874073117946,WBD,Warner Bros. Discovery,Communication Services,Broadcasting
4,APO,980684070082.539,59096075593.200005,132.36,16.594741025331015,2196.4799221128133,APO,Apollo Global Management,Financials,Asset Management & Custody Banks
5,EG,144999727735.28818,10711650574.74,333.02,13.536637208575833,4507.970923199923,EG,Everest Group,Financials,Reinsurance
6,SYF,307089137768.67664,22834338454.84,60.28,13.448567313478948,810.6796376565111,SYF,Synchrony Financial,Financials,Consumer Finance
7,LVS,182289825755.80908,14587268471.0,41.75,12.496501734934654,521.7289474335219,LVS,Las Vegas Sands,Consumer Discretionary,Casinos & Gaming
8,UAL,247077902299.18823,23865050766.690002,73.67,10.353127035625286,762.714868714515,UAL,United Airlines Holdings,Industrials,Passenger Airlines
9,ACGL,279964667308.2322,32485860813.000004,90.15,8.618046753318525,776.9169148116652,ACGL,Arch Capital Group,Financials,Property & Casualty Insurance
10,LYV,186855693569.4275,22702731412.170002,145.59,8.230537999020763,1198.2840272774329,LYV,Live Nation Entertainment,Communication Services,Movies & Entertainment
11,AVGO,816628956116.5728,101157661179.3,249.37,8.072833501647628,2013.122490305869,AVGO,Broadcom,Information Technology,Semiconductors
12,KKR,620343938808.5875,82640567036.58,121.06,7.506530521916659,908.7405849832307,KKR,KKR & Co.,Financials,Asset Management & Custody Banks
13,WYNN,47794731681.7729,6979660979.04,87.28,6.8477153582818735,597.6685964708419,WYNN,Wynn Resorts,Consumer Discretionary,Casinos & Gaming
14,MGM,46407131145.21352,6856511901.12,33.57,6.768329409248599,227.21281826847547,MGM,MGM Resorts,Consumer Discretionary,Casinos & Gaming
15,MET,264063555090.66046,43581628578.6,77.85,6.05905661864881,471.6975577618099,MET,MetLife,Financials,Life & Health Insurance
16,PFG,90978994754.80226,16880312987.599998,75.8,5.389650939626176,408.53554122366404,PFG,Principal Financial Group,Financials,Life & Health Insurance
17,COF,385007216576.1489,71838769925.76,193.92,5.359323621131391,1039.2800366097993,COF,Capital One,Financials,Consumer Finance
18,DVA,26447480653.56779,5198704187.049999,136.51,5.087321705945226,694.4702860785827,DVA,DaVita,Health Care,Health Care Services
19,VICI,170892007315.90036,34023676726.4,32.32,5.022737803739479,162.33488581685995,VICI,Vici Properties,Real Estate,Hotel & Resort REITs
20,DAL,150200931358.89493,30540945384.04,47.32,4.918018400222362,232.72063069852217,DAL,Delta Air Lines,Industrials,Passenger Airlines
21,O,240678759204.90738,51841968283.82,57.53,4.642546708243402,267.0857121252429,O,Realty Income,Real Estate,Retail REITs
22,HST,46497039163.22137,10084802380.74,15.57,4.610604889196601,71.78711812479108,HST,Host Hotels & Resorts,Real Estate,Hotel & Resort REITs
23,WRB,97089982448.38025,21630464661.0,72.89,4.4885759030149135,327.17229757075705,WRB,W. R. Berkley Corporation,Financials,Property & Casualty Insurance
24,NVDA,15146389379785.287,3375269070240.0,144.12,4.487461314812539,646.7329246907832,NVDA,Nvidia,Information Technology,Semiconductors
25,F,166602795973.04352,40317705423.94,10.42,4.132248951700447,43.05803407671866,F,Ford Motor Company,Consumer Discretionary,Automobile Manufacturers
26,PRU,143503967230.4776,36466835781.6,103.39,3.9351910895127653,406.8594067447248,PRU,Prudential Financial,Financials,Life & Health Insurance
27,CB,409340553923.6853,105431921647.8,283.8,3.882510605195128,1101.8565097543774,CB,Chubb Limited,Financials,Property & Casualty Insurance
28,EXPE,75331557196.73727,19456647896.210003,161.99,3.8717644271812746,627.1871195590948,EXPE,Expedia Group,Consumer Discretionary,"Hotels, Resorts & Cruise Lines"
29,CTRA,75684049717.38095,20048338293.25,26.69,3.775078443427041,100.75684365506773,CTRA,Coterra,Energy,Oil & Gas Exploration & Production
30,ARE,41161455960.62746,10975633578.96,71.22,3.75025784748617,267.093363897965,ARE,Alexandria Real Estate Equities,Real Estate,Office REITs
31,MTB,106265482028.82416,28475117734.86,178.33,3.731871559524093,665.5046552099316,MTB,M&T Bank,Financials,Regional Banks
32,ALL,194063258118.49536,52127813696.86,198.19,3.7228351690910273,737.8287021621506,ALL,Allstate,Financials,Property & Casualty Insurance
33,TRV,218016016017.77234,59594937060.83,264.41,3.6582976133566194,967.2904719476237,TRV,Travelers Companies (The),Financials,Property & Casualty Insurance
34,HAL,71822606923.68448,19654250546.58,23.01,3.654304027185722,84.08553566554347,HAL,Halliburton,Energy,Oil & Gas Equipment & Services
35,TKO,39657169805.64902,11236194462.480001,167.96,3.5294129109346217,592.8001925205791,TKO,TKO Group Holdings,Communication Services,Movies & Entertainment
36,USB,233918679270.05292,66313326067.89,42.69,3.527476197326802,150.58795886388117,USB,U.S. Bancorp,Financials,Diversified Banks
37,L,52569856068.288414,15112788261.48,88.27,3.478501462386017,307.04732408481374,L,Loews Corporation,Financials,Multi-line Insurance
38,HIG,121082113293.25113,35461592705.39,125.53,3.414457841732732,428.61689287270985,HIG,Hartford (The),Financials,Property & Casualty Insurance
39,ABNB,183855067395.0363,55338050446.75,133.37,3.322398709581466,443.1083158968802,ABNB,Airbnb,Consumer Discretionary,"Hotels, Resorts & Cruise Lines"
40,GPN,57384856274.53276,18373813580.0,76.0,3.1231870305354845,237.36221432069684,GPN,Global Payments,Financials,Transaction & Payment Processing Services
41,AMP,146595337911.58368,48094384288.6,506.74,3.048075988080208,1544.5820261997646,AMP,Ameriprise Financial,Financials,Asset Management & Custody Banks
42,PGR,468500101309.5447,155219521197.33,265.77,3.018306574428498,802.1753382858618,PGR,Progressive Corporation,Financials,Property & Casualty Insurance
43,VLO,131678795557.81122,44187432032.03001,141.77,2.9800056147721286,422.4753960062447,VLO,Valero Energy,Energy,Oil & Gas Refining & Marketing
44,CINF,66364847369.930176,22274580025.06,145.27,2.979398367792634,432.81720088923595,CINF,Cincinnati Financial,Financials,Property & Casualty Insurance
45,SLB,140194910216.53165,48898945282.0,36.08,2.867033417756318,103.44256571264796,SLB,Schlumberger,Energy,Oil & Gas Equipment & Services
46,EXR,88296892967.75368,31000356328.959995,147.89,2.8482541307200475,421.2283033921878,EXR,Extra Space Storage,Real Estate,Self-Storage REITs
47,CI,235620581635.90472,83084006415.63,312.51,2.8359318694527844,886.2570685226897,CI,Cigna,Health Care,Health Care Services
48,IVZ,14648020833.023079,5199918560.76,14.52,2.8169712009647667,40.902421838008415,IVZ,Invesco,Financials,Asset Management & Custody Banks
49,UBER,495246940506.5255,176277864706.84,84.76,2.8094675490320298,238.13046945595485,UBER,Uber,Industrials,Passenger Ground Transportation
50,CAG,28371861280.42903,10225129639.7,21.55,2.77471897962767,59.795194010976296,CAG,Conagra Brands,Consumer Staples,Packaged Foods & Meats
51,MPC,137002705757.18527,52097832565.28001,170.08,2.6297198753041626,447.262756391732,MPC,Marathon Petroleum,Energy,Oil & Gas Refining & Marketing
52,UHS,24505594132.956802,9372399923.119999,171.76,2.614655193330577,449.09317600645977,UHS,Universal Health Services,Health Care,Health Care Facilities
53,TAP,23198435549.624542,8979611245.02,49.34,2.5834565569294723,127.46774651890017,TAP,Molson Coors Beverage Company,Consumer Staples,Brewers
54,GL,24819134748.212006,9771482339.369999,119.41,2.5399559540944923,303.2961404784233,GL,Globe Life,Financials,Life & Health Insurance
55,MTCH,17282569133.619774,6947083870.29,30.27,2.4877444200048684,75.30402359354737,MTCH,Match Group,Communication Services,Interactive Media & Services
56,APTV,36025082063.63873,14570070548.8,67.6,2.4725399882573513,167.14370320619696,APTV,Aptiv,Consumer Discretionary,Automotive Parts & Equipment
57,BKNG,420795401362.5551,171956313369.05002,5301.05,2.4471064371998397,12972.23357891821,BKNG,Booking Holdings,Consumer Discretionary,"Hotels, Resorts & Cruise Lines"
58,DOC,28701587447.040047,11770005372.300001,17.01,2.438536478036578,41.47950549140219,DOC,Healthpeak Properties,Real Estate,Health Care REITs
59,ENPH,10712262999.984722,4432933856.88,34.92,2.4165176711037724,84.38479707494373,ENPH,Enphase Energy,Information Technology,Semiconductor Materials & Equipment
60,BMY,231298777286.30847,95935205765.61,47.23,2.410989536535944,113.87103581059263,BMY,Bristol Myers Squibb,Health Care,Pharmaceuticals
61,ANET,220202483727.0836,92320279551.92001,89.68,2.3852016566224097,213.90488456589773,ANET,Arista Networks,Information Technology,Communications Equipment
62,BXP,24606174430.113144,10565290123.439999,71.74,2.3289634399648187,167.07983718307608,BXP,"BXP, Inc.",Real Estate,Office REITs
63,APA,17208806651.324436,7456895643.88,20.78,2.3077708839130655,47.9554789677135,APA,APA Corporation,Energy,Oil & Gas Exploration & Production
64,AXP,360713901904.8134,160275434296.04,292.81,2.2505875806179345,658.9945494807374,AXP,American Express,Financials,Consumer Finance
65,VTRS,22798905773.966087,10211128856.039999,8.76,2.2327507658940444,19.558896709231828,VTRS,Viatris,Health Care,Pharmaceuticals
66,CF,36333176340.77277,16462161744.0,102.48,2.2070720058387963,226.1807391583598,CF,CF Industries,Materials,Fertilizers & Agricultural Chemicals
67,MRK,432024891220.73926,196254921753.52,78.28,2.201345512054607,172.32132668363462,MRK,Merck & Co.,Health Care,Pharmaceuticals
68,AIZ,21820441530.272438,9984089473.29,198.27,2.185521432740333,433.32333446942584,AIZ,Assurant,Financials,Multi-line Insurance
69,CFG,37964158501.430626,17377097484.550003,40.45,2.184723802993256,88.37207783107722,CFG,Citizens Financial Group,Financials,Regional Banks
70,HUM,62999572864.42018,29085488088.8,241.45,2.166013947301766,522.9840675760114,HUM,Humana,Health Care,Managed Health Care
71,PYPL,147739493309.29013,68511711698.75,70.67,2.1564122344353227,152.39365260754425,PYPL,PayPal,Financials,Transaction & Payment Processing Services
72,OMC,28538486882.130917,13350430527.88,69.22,2.1376454356684125,147.9678170569675,OMC,Omnicom Group,Communication Services,Advertising
73,CAH,83650249681.25946,39166966205.909996,164.91,2.135734721997367,352.20401300458576,CAH,Cardinal Health,Health Care,Health Care Distributors
74,LULU,55341784729.97945,25918249492.8,235.2,2.1352439232191665,502.209370741148,LULU,Lululemon Athletica,Consumer Discretionary,"Apparel, Accessories & Luxury Goods"
75,LEN,52871801661.00674,24843684852.03,104.61,2.1281787293597283,222.6287768783212,LEN,Lennar,Consumer Discretionary,Homebuilding
76,KHC,46517571641.11571,21915441968.75,25.75,2.122593361678343,54.656779063217336,KHC,Kraft Heinz,Consumer Staples,Packaged Foods & Meats
77,KIM,29125592864.89126,13729348306.58,20.78,2.1214111707641923,44.08292412847992,KIM,Kimco Realty,Real Estate,Retail REITs
78,CPAY,46078476684.80003,22234435238.4,327.36,2.072392493478771,678.4184066652106,CPAY,Corpay,Financials,Transaction & Payment Processing Services
79,CPB,12620648789.461714,6098109184.38,31.82,2.069600331491091,65.85468254804651,CPB,Campbell's Company (The),Consumer Staples,Packaged Foods & Meats
80,PNC,138977802393.31183,67961367779.99999,173.2,2.0449529921646294,354.1858582429138,PNC,PNC Financial Services,Financials,Diversified Banks
81,GEN,31645561204.671658,15650473092.539999,29.77,2.022019463408804,60.1955194256801,GEN,Gen Digital,Information Technology,Systems Software
82,EOG,136873554162.41089,67798322610.24,124.64,2.0188339311766104,251.6274611818527,EOG,EOG Resources,Energy,Oil & Gas Exploration & Production
83,MHK,10110643685.454586,5092503128.01,98.43,1.9853976387061203,195.42268957784344,MHK,Mohawk Industries,Consumer Discretionary,Home Furnishings
84,DECK,29892859110.356453,15223059733.62,102.61,1.963656428696678,201.49078614856614,DECK,Deckers Brands,Consumer Discretionary,Footwear
85,HRL,16939915272.0032,8722957312.44,30.06,1.941992224110144,58.37628625675093,HRL,Hormel Foods,Consumer Staples,Packaged Foods & Meats
86,RL,19250960524.395653,10008143260.28,265.43,1.9235296721618933,510.5624808819314,RL,Ralph Lauren Corporation,Consumer Discretionary,"Apparel, Accessories & Luxury Goods"
87,CHTR,54119969164.41659,28140850667.28,373.62,1.923181704927744,718.5391485951036,CHTR,Charter Communications,Communication Services,Cable & Satellite
88,UNH,530969720414.72076,279375921540.58,308.87,1.900556488500374,587.0248826031105,UNH,UnitedHealth Group,Health Care,Managed Health Care
89,PHM,36648180322.97078,19607303995.52,98.72,1.8691085899083517,184.5183999957525,PHM,PulteGroup,Consumer Discretionary,Homebuilding
90,PLD,180178815114.81464,97203692982.33,105.09,1.8536210877046422,194.79704010688084,PLD,Prologis,Real Estate,Industrial REITs
91,HCA,115698120958.64333,62621766407.85,372.45,1.8475703831973016,688.1275892218349,HCA,HCA Healthcare,Health Care,Health Care Facilities
92,SYY,66113140662.01022,35882314355.25,74.25,1.8424993440351236,136.80557629460793,SYY,Sysco,Consumer Staples,Food Distributors
93,OXY,83010315187.12872,45087971539.159996,45.98,1.8410745117471574,84.6526060501343,OXY,Occidental Petroleum,Energy,Oil & Gas Exploration & Production
94,NKE,127787034438.15231,69615681720.0,60.0,1.8356070253268837,110.13642151961302,NKE,"Nike, Inc.",Consumer Discretionary,"Apparel, Accessories & Luxury Goods"
95,COP,220498928702.6779,120326270820.5,95.5,1.832508621759027,175.00457337798707,COP,ConocoPhillips,Energy,Oil & Gas Exploration & Production
96,SWKS,19429698904.982655,10678063921.48,71.53,1.8195900537641343,130.1552765457485,SWKS,Skyworks Solutions,Information Technology,Semiconductors
97,BEN,12558875179.39079,6922386962.1,22.35,1.8142405572168252,40.54827645379605,BEN,Franklin Resources,Financials,Asset Management & Custody Banks
98,TSN,27555412659.154984,15268651748.349998,54.73,1.8047050331168075,98.77150646248286,TSN,Tyson Foods,Consumer Staples,Packaged Foods & Meats
99,IPG,15199841974.71415,8460548579.7300005,23.01,1.7965551325040934,41.33873359891919,IPG,Interpublic Group of Companies (The),Communication Services,Advertising
100,BIIB,32538535089.492023,18498015548.32,126.56,1.7590284214269238,222.6226370157915,BIIB,Biogen,Health Care,Biotechnology
101,RJF,45729167916.78827,26234405943.27,147.57,1.7430990438919898,257.22912590714094,RJF,Raymond James Financial,Financials,Investment Banking & Brokerage
102,HSY,42145272542.92642,24506248400.79,168.87,1.7197765995699201,290.4186743693724,HSY,Hershey Company (The),Consumer Staples,Packaged Foods & Meats
103,FITB,43352780974.49605,25313988952.09,38.11,1.712601718225713,65.26725148158192,FITB,Fifth Third Bancorp,Financials,Regional Banks
104,LYB,26038478747.365475,15210315500.17,59.59,1.711896031813045,102.01188453573936,LYB,LyondellBasell,Materials,Specialty Chemicals
105,HPQ,38721422771.60655,22742843009.04,24.29,1.702576179953195,41.35557541106311,HPQ,HP Inc.,Information Technology,"Technology Hardware, Storage & Peripherals"
106,PCAR,79661090771.58617,46885500583.1,91.1,1.6990559934492886,154.78400100323017,PCAR,Paccar,Industrials,Construction Machinery & Heavy Transportation Equipment
107,VZ,298551703291.68274,176222647298.25,41.85,1.694173296502552,70.9011524586318,VZ,Verizon,Communication Services,Integrated Telecommunication Services
108,GNRC,12057018418.469185,7176444190.83,124.01,1.6800825168926334,208.34703291985548,GNRC,Generac,Industrials,Electrical Components & Equipment
109,CVS,142212799328.35898,84694472288.51001,67.09,1.6791272852366792,112.65264956652882,CVS,CVS Health,Health Care,Health Care Services
110,CMCSA,213941295407.024,127589135695.62001,34.53,1.6767986885451436,57.89985871546381,CMCSA,Comcast,Communication Services,Cable & Satellite
111,TGT,70265342834.95885,43039577241.46,95.02,1.632575116636422,155.1272875827928,TGT,Target Corporation,Consumer Staples,Consumer Staples Merchandise Retail
112,HBAN,36209776471.793465,22379376371.04,15.48,1.6179975648763238,25.046602304285496,HBAN,Huntington Bancshares,Financials,Regional Banks
113,BLDR,18632190969.98907,11608324464.12,107.98,1.6050715180798947,173.31562252226706,BLDR,Builders FirstSource,Industrials,Building Products
114,TMUS,159213538500.45114,100249338680.04001,221.43,1.588175449302501,351.66968973905284,TMUS,T-Mobile US,Communication Services,Wireless Telecommunication Services
115,GIS,45164102258.75607,28948044477.92,53.08,1.5601780041897064,82.81424846238961,GIS,General Mills,Consumer Staples,Packaged Foods & Meats
116,STZ,37546829792.840866,24068863687.68,160.56,1.5599751729060545,250.46961376179613,STZ,Constellation Brands,Consumer Staples,Distillers & Vintners
117,CVX,376283112588.36774,241512427237.25,148.85,1.558027952817209,231.91246077684156,CVX,Chevron Corporation,Energy,Integrated Oil & Gas
118,FOX,26440383579.882233,17033365891.5,49.63,1.5522700415351571,77.03916216138984,FOX,Fox Corporation (Class B),Communication Services,Broadcasting
119,AMGN,238408672086.22272,155563957178.35,290.05,1.532544404311427,444.51450447052935,AMGN,Amgen,Health Care,Biotechnology
120,LKQ,14522020799.070116,9517012997.199999,37.15,1.5259011207973174,56.68722663762034,LKQ,LKQ Corporation,Consumer Discretionary,Distributors
121,NEM,98847187958.25613,64995150805.200005,58.52,1.520839427767706,88.99952331296616,NEM,Newmont,Materials,Gold
122,IQV,38456177889.75775,25346062882.0,154.1,1.5172446335666654,233.80739803262315,IQV,IQVIA,Health Care,Life Sciences Tools & Services
123,REG,17128204061.031658,11396530966.8,70.14,1.5029313842018226,105.41560728791583,REG,Regency Centers,Real Estate,Retail REITs
124,ERIE,13264264709.609695,8832118090.949999,351.45,1.5018214852902818,527.8151610052695,ERIE,Erie Indemnity,Financials,Insurance Brokers
125,COIN,79338886210.60548,52923575567.9,253.85,1.4991218064776275,380.55207057434575,COIN,Coinbase,Financials,Financial Exchanges & Data
126,OKE,75549694726.05333,50672211965.28,81.36,1.4909492164624487,121.30362825138482,OKE,Oneok,Energy,Oil & Gas Storage & Transportation
127,PSA,68817597145.7057,46219142995.100006,293.66,1.488941436084211,437.2425421204895,PSA,Public Storage,Real Estate,Self-Storage REITs
128,XOM,728572635789.9617,490242533172.0,114.0,1.4861473382896875,169.42079656502438,XOM,ExxonMobil,Energy,Integrated Oil & Gas
129,HPE,34657261584.54008,23370746534.199997,17.9,1.4829334413354642,26.54450859990481,HPE,Hewlett Packard Enterprise,Information Technology,"Technology Hardware, Storage & Peripherals"
130,DHI,48583670850.25321,32936860124.88,119.92,1.4750547157819045,176.888561516566,DHI,D. R. Horton,Consumer Discretionary,Homebuilding
131,HSIC,10635719299.012617,7316083791.599999,70.16,1.453744872526484,101.99474025645812,HSIC,Henry Schein,Health Care,Health Care Distributors
132,MCK,129731794253.4184,90459325568.88,724.38,1.434145052901533,1038.8659934208124,MCK,McKesson Corporation,Health Care,Health Care Distributors
133,AKAM,16054349037.791195,11258722625.36,78.68,1.425947647171728,112.19356087947158,AKAM,Akamai Technologies,Information Technology,Internet Services & Infrastructure
134,FOXA,26440383579.882233,18560637264.0,54.08,1.424540720439901,77.03916216138984,FOXA,Fox Corporation (Class A),Communication Services,Broadcasting
135,HLT,80851927252.141,57595771948.36,246.97,1.4037823353532326,346.6921233621879,HLT,Hilton Worldwide,Consumer Discretionary,"Hotels, Resorts & Cruise Lines"
136,QCOM,237032774421.63272,169251101956.80002,154.46,1.4004799477295777,216.3181327263106,QCOM,Qualcomm,Information Technology,Semiconductors
137,COR,75242900171.05663,53773916755.2,293.2,1.3992452979311862,410.25872135342377,COR,Cencora,Health Care,Health Care Distributors
138,WDAY,72412816883.90018,51978097908.0,242.7,1.3931409535621935,338.11530942954437,WDAY,"Workday, Inc.",Information Technology,Application Software
139,DG,33980956446.165874,24775304468.68,113.32,1.371565644697659,155.42581885713872,DG,Dollar General,Consumer Staples,Consumer Staples Merchandise Retail
140,RF,26375186812.099667,19271562374.16,21.54,1.368606566505706,29.479785442532904,RF,Regions Financial Corporation,Financials,Regional Banks
141,CRL,9609281475.566721,7039669295.400001,145.05,1.3650188769301717,197.9959880987214,CRL,Charles River Laboratories,Health Care,Life Sciences Tools & Services
142,NVR,27452694016.87607,20137820238.2,6992.93,1.3632405936765826,9533.046044738785,NVR,"NVR, Inc.",Consumer Discretionary,Homebuilding
143,CRM,332960474437.2905,244551846102.4,262.76,1.3615128233293794,357.75110945802777,CRM,Salesforce,Information Technology,Application Software
144,LDOS,25833779534.088657,19031442693.449997,149.39,1.3574262314322498,202.7859047136638,LDOS,Leidos,Industrials,Diversified Support Services
145,LNT,20795917014.13235,15391396355.76,60.09,1.3511390736390068,81.18994693496792,LNT,Alliant Energy,Utilities,Electric Utilities
146,MAR,81058696389.27759,61435046790.6,256.2,1.3194210898148147,338.03568321055553,MAR,Marriott International,Consumer Discretionary,"Hotels, Resorts & Cruise Lines"
147,TPR,22567145295.273987,17106791508.44,82.76,1.3191921631908592,109.17634342567551,TPR,"Tapestry, Inc.",Consumer Discretionary,"Apparel, Accessories & Luxury Goods"
148,SNA,20571837078.45967,15681550833.999998,307.28,1.3118496567225217,403.1051625176964,SNA,Snap-on,Industrials,Industrial Machinery & Supplies & Components
149,BKR,51103902249.46402,39136399434.0,39.6,1.3057895715635806,51.70926703391779,BKR,Baker Hughes,Energy,Oil & Gas Equipment & Services
150,SPGI,199376143032.53714,153341613809.88998,501.07,1.300208978364607,651.4957127891535,SPGI,S&P Global,Financials,Financial Exchanges & Data
151,EPAM,11989820181.94526,9226654476.640001,168.58,1.2994764475358893,219.06573952560026,EPAM,EPAM Systems,Information Technology,IT Consulting & Other Services
152,GILD,173521518931.93835,134066252304.0,108.0,1.29429678200053,139.78405245605725,GILD,Gilead Sciences,Health Care,Biotechnology
153,MO,127805901442.99452,99174036725.74,58.99,1.2887032298224812,76.02060352722818,MO,Altria,Consumer Staples,Tobacco
154,T,253242269515.99506,198558493847.69998,27.65,1.275403860135236,35.26491673273927,T,AT&T,Communication Services,Integrated Telecommunication Services
155,SOLV,12718137706.819609,10065574889.52,72.76,1.2635281984798885,91.9343117213967,SOLV,Solventum,Health Care,Health Care Technology
156,FI,111514058246.16646,89912572683.12,163.44,1.24024988851311,202.70644177858267,FI,Fiserv,Financials,Transaction & Payment Processing Services
157,BRO,32815794843.672363,26485762194.48,108.12,1.238997564152095,133.9604166361245,BRO,Brown & Brown,Financials,Insurance Brokers
158,EL,21507090646.955944,17429071921.02,74.79,1.2339779619027063,92.2892117707034,EL,Est√©e Lauder Companies (The),Consumer Staples,Personal Care Products
159,ELV,102356012202.52426,84576826057.72,375.19,1.210213447034188,454.05998319275704,ELV,Elevance Health,Health Care,Managed Health Care
160,SWK,11962027234.166662,9895674931.92,64.14,1.2088136803666953,77.53330945871984,SWK,Stanley Black & Decker,Industrials,Industrial Machinery & Supplies & Components
161,UPS,88288775008.20706,73045959927.99,99.67,1.2086743071792567,120.46856819655652,UPS,United Parcel Service,Industrials,Air Freight & Logistics
162,PSX,60836163540.54484,50575988412.560005,124.54,1.2028665271806498,149.80499729507815,PSX,Phillips 66,Energy,Oil & Gas Refining & Marketing
163,FTV,28315100407.093674,23562366182.399998,69.6,1.2017086988591048,83.63892544059368,FTV,Fortive,Industrials,Industrial Machinery & Supplies & Components
164,DRI,31380602360.505104,26167057441.24,224.78,1.1992407794025939,269.5653423941151,DRI,Darden Restaurants,Consumer Discretionary,Restaurants
165,ADBE,195121105791.36392,163328436288.0,382.68,1.1946548330830973,457.17051152423966,ADBE,Adobe Inc.,Information Technology,Application Software
166,ZBH,21205355522.26281,17794314913.5,90.21,1.1916927190141475,107.50260018226625,ZBH,Zimmer Biomet,Health Care,Health Care Equipment
167,CAT,199764636128.31726,167929605051.28,357.68,1.189573667295388,425.48670931821437,CAT,Caterpillar Inc.,Industrials,Construction Machinery & Heavy Transportation Equipment
168,SPG,59874138000.57285,50724911968.909996,157.13,1.1803694807251819,185.4714565063478,SPG,Simon Property Group,Real Estate,Retail REITs
169,ALLE,13752511260.720879,11681971824.640001,136.24,1.1772422898430235,160.38748956821354,ALLE,Allegion,Industrials,Building Products
170,DASH,93689448918.88498,79778106647.19,219.39,1.1743754377778903,257.6462272940914,DASH,DoorDash,Consumer Discretionary,Specialized Consumer Services
171,BBY,15716789838.00909,13521596653.35,69.39,1.162347187313506,80.65527132768419,BBY,Best Buy,Consumer Discretionary,Computer & Electronics Retail
172,AOS,8270083141.606098,7214591750.33,63.23,1.1462995312559188,72.48051936131175,AOS,A. O. Smith,Industrials,Building Products
173,WAB,38896864597.14442,33970768942.4,200.93,1.1450098366362262,230.06682647531696,WAB,Wabtec,Industrials,Construction Machinery & Heavy Transportation Equipment
174,UDR,13988277646.319532,12272072995.32,40.98,1.1398463529066372,46.71090354211399,UDR,"UDR, Inc.",Real Estate,Multi-Family Residential REITs
175,VST,66210250914.52137,59658204415.5,177.75,1.109826411358084,197.27164461889944,VST,Vistra Corp.,Utilities,Electric Utilities
176,EQR,26011118187.95039,23522283037.800003,68.73,1.1058075504895022,76.00215294514351,EQR,Equity Residential,Real Estate,Multi-Family Residential REITs
177,PWR,57876805019.85938,52519356766.56,358.62,1.1020090226373558,395.2024756982085,PWR,Quanta Services,Industrials,Construction & Engineering
178,ESS,19857449487.504295,18087637552.600002,283.54,1.0978464948646591,311.2833951539255,ESS,Essex Property Trust,Real Estate,Multi-Family Residential REITs
179,AMCR,14288758761.78931,13046744148.44,9.07,1.0951972844119748,9.933439369616611,AMCR,Amcor,Materials,Paper & Plastic Packaging Products & Materials
180,IT,32921875687.457176,30187030138.88,404.68,1.0905967077912304,441.3426757089551,IT,Gartner,Information Technology,IT Consulting & Other Services
181,PARA,7878012950.745937,7255438930.530001,11.97,1.085807905789989,12.997120632306169,PARA,Paramount Global,Communication Services,Movies & Entertainment
182,LMT,89829564491.52339,82797523690.31999,479.34,1.0849305690289084,520.0506189583169,LMT,Lockheed Martin,Industrials,Aerospace & Defense
183,AVB,31457917028.01641,29170625046.5,206.3,1.0784107977758552,222.47614758115895,AVB,AvalonBay Communities,Real Estate,Multi-Family Residential REITs
184,FDX,52581456660.16562,48822711265.02,222.53,1.0769876415658761,239.6620598776544,FDX,FedEx,Industrials,Air Freight & Logistics
185,INVH,20187513394.201996,18747914743.25,33.53,1.0767871344982678,36.10467261972692,INVH,Invitation Homes,Real Estate,Single-Family Residential REITs
186,NTAP,22111320742.7399,20550205989.600002,103.2,1.075965893185204,111.03968017671308,NTAP,NetApp,Information Technology,"Technology Hardware, Storage & Peripherals"
187,AMAT,149457855131.47772,139166248855.41,174.09,1.0739518838850102,186.96428346554143,AMAT,Applied Materials,Information Technology,Semiconductor Materials & Equipment
188,ULTA,22696474178.03369,21134179221.0,471.75,1.0739226700359064,506.6230195894388,ULTA,Ulta Beauty,Consumer Discretionary,Other Specialty Retail
189,EMN,9203704332.914566,8602361363.69,75.17,1.0699044069181742,80.42471426803915,EMN,Eastman Chemical Company,Materials,Specialty Chemicals
190,SJM,10377719909.281767,9709920360.0,94.5,1.0687749769846482,100.99923532504926,SJM,J.M. Smucker Company (The),Consumer Staples,Packaged Foods & Meats
191,FTNT,71161345930.41098,66626241181.92,102.88,1.0680678463626379,109.88282003378818,FTNT,Fortinet,Information Technology,Systems Software
192,BDX,51810480510.92242,48590630490.76,169.94,1.0662648331096405,181.20104573865228,BDX,Becton Dickinson,Health Care,Health Care Equipment
193,PAYC,12763254651.702826,11984021708.99,241.73,1.0650226578051234,257.44792707123247,PAYC,Paycom,Industrials,Human Resource & Employment Services
194,XYL,31916613288.631363,30305116657.620003,125.37,1.0531757276903986,132.03664098054526,XYL,Xylem Inc.,Industrials,Industrial Machinery & Supplies & Components
195,NRG,30802574612.08313,29382076516.000004,152.08,1.0483457353774706,159.43241943620572,NRG,NRG Energy,Utilities,Independent Power Producers & Energy Traders
196,TDY,23754597022.380672,22722537289.8,490.65,1.0454200919297845,512.9353681053487,TDY,Teledyne Technologies,Information Technology,Electronic Equipment & Instruments
197,ROP,62653868227.32467,60201122657.420006,562.58,1.040742522093188,585.5009280791859,ROP,Roper Technologies,Information Technology,Electronic Equipment & Instruments
198,GDDY,25745476081.50489,25220191215.399998,178.04,1.0208279493846242,181.74820810843846,GDDY,GoDaddy,Information Technology,Internet Services & Infrastructure
199,LII,17522291860.29904,17203162394.9,537.47,1.0185506279644054,547.440406012029,LII,Lennox International,Industrials,Building Products
200,ACN,198187244894.4737,194995041960.59998,312.03,1.016370687694299,317.13814568125207,ACN,Accenture,Information Technology,IT Consulting & Other Services
201,CL,68409726853.883766,67367045160.27,88.63,1.0154776224952893,90.00178168175749,CL,Colgate-Palmolive,Consumer Staples,Household Products
202,DIS,213176755047.618,212089569898.19,118.13,1.005126066076469,118.73554218561328,DIS,Walt Disney Company (The),Communication Services,Movies & Entertainment
203,EMR,71571932426.26598,71310323475.0,127.37,1.0036685985775635,127.83726940082425,EMR,Emerson Electric,Industrials,Electrical Components & Equipment
204,IR,32524020164.554836,32430145950.72,80.64,1.0028946589996075,80.87342530172835,IR,Ingersoll Rand,Industrials,Industrial Machinery & Supplies & Components
205,MAS,12844656645.322044,12832309268.48,61.12,1.0009622100421451,61.178810277775916,MAS,Masco,Industrials,Building Products
206,JNPR,11788702975.698988,11849289379.26,35.93,0.9948869167068316,35.74628691727646,JNPR,Juniper Networks,Information Technology,Communications Equipment
207,TEL,47830730886.98392,48443987308.78,163.66,0.9873409177100305,161.58821459242358,TEL,TE Connectivity,Information Technology,Electronic Manufacturing Services
208,RMD,35709158960.720665,36438658196.2,250.09,0.9799800741412754,245.08321674199155,RMD,ResMed,Health Care,Health Care Equipment
209,FRT,7265836487.776157,7423709608.65,95.19,0.9787339309864854,93.16568289060355,FRT,Federal Realty Investment Trust,Real Estate,Retail REITs
210,FDS,15663006913.195908,16029772613.199999,423.7,0.9771197191092984,414.0056249866097,FDS,FactSet,Financials,Financial Exchanges & Data
211,GD,68929795973.8047,70651835718.8,281.3,0.9756263977082046,274.443705675318,GD,General Dynamics,Industrials,Aerospace & Defense
212,ON,21367714089.135967,22023297394.28,52.94,0.9702322820508112,51.36409701176994,ON,ON Semiconductor,Information Technology,Semiconductors
213,PFE,132079047055.71204,136222269120.0,24.0,0.9695848403417936,23.270036168203045,PFE,Pfizer,Health Care,Pharmaceuticals
214,POOL,9642770761.908564,9971065516.5,285.5,0.9670752585018945,276.09998630229086,POOL,Pool Corporation,Consumer Discretionary,Distributors
215,MOH,15122247392.777588,15656318231.999998,292.4,0.9658878395732388,282.425604291215,MOH,Molina Healthcare,Health Care,Managed Health Care
216,KMB,41016346458.08371,42631735553.21,128.93,0.9621082962219525,124.04462263189633,KMB,Kimberly-Clark,Consumer Staples,Household Products
217,MAA,16584051703.378178,17284860155.41,148.99,0.9594553588671948,142.94925391762334,MAA,Mid-America Apartment Communities,Real Estate,Multi-Family Residential REITs
218,REGN,48691502943.54779,50761109981.340004,508.86,0.9592284912888428,488.1130100772406,REGN,Regeneron Pharmaceuticals,Health Care,Biotechnology
219,PANW,127496270872.74142,133344641595.6,202.05,0.956140939351765,193.18827679602413,PANW,Palo Alto Networks,Information Technology,Systems Software
220,HUBB,19749673176.914986,20773727620.420002,391.22,0.9507043481932247,371.9345551001534,HUBB,Hubbell Incorporated,Industrials,Industrial Machinery & Supplies & Components
221,LHX,44354425016.01763,46690365737.16,250.86,0.9499695347367296,238.30935748405602,LHX,L3Harris,Industrials,Aerospace & Defense
222,EA,31931444399.478065,33854750303.370003,150.33,0.9431894819292025,141.78967481841704,EA,Electronic Arts,Communication Services,Interactive Home Entertainment
223,NEE,139160918715.15918,147649199525.1,71.86,0.942510485412433,67.72880348173744,NEE,NextEra Energy,Utilities,Multi-Utilities
224,GOOGL,1797249192402.868,1913588397247.4998,175.95,0.9392036422189987,165.2528808484328,GOOGL,Alphabet Inc. (Class A),Communication Services,Interactive Media & Services
225,META,1414250821629.7656,1510703236325.61,697.23,0.936153963017621,652.714627634776,META,Meta Platforms,Communication Services,Interactive Media & Services
226,GOOG,1797249192402.868,1927509358591.5,177.23,0.9324204753621441,165.2528808484328,GOOG,Alphabet Inc. (Class C),Communication Services,Interactive Media & Services
227,PH,76756490348.55872,83046408676.01001,652.21,0.9242602006789935,602.8117454848464,PH,Parker Hannifin,Industrials,Industrial Machinery & Supplies & Components
228,AME,37107378592.56858,40330582439.8,175.55,0.9200804041934534,161.52011495616077,AME,Ametek,Industrials,Electrical Components & Equipment
229,MDLZ,78816499092.916,85671308301.29999,66.35,0.919987107185569,61.04114456176249,MDLZ,Mondelez International,Consumer Staples,Packaged Foods & Meats
230,JNJ,336646025275.90234,366080157394.24,152.38,0.9195964831094645,140.1281120962202,JNJ,Johnson & Johnson,Health Care,Pharmaceuticals
231,IEX,12157036299.044107,13259331402.09,175.99,0.9168664641060149,161.35932901801758,IEX,IDEX Corporation,Industrials,Industrial Machinery & Supplies & Components
232,MNST,39864556526.657135,43508999594.840004,62.78,0.91623702907168,57.52136068512008,MNST,Monster Beverage,Consumer Staples,Soft Drinks & Non-alcoholic Beverages
233,JBHT,9985181009.970217,10906095303.32,139.09,0.915559669364943,127.34519441196991,JBHT,J.B. Hunt,Industrials,Cargo Ground Transportation
234,TROW,17944991829.747,19712486752.44,91.58,0.9103362784771831,83.36859638294042,TROW,T. Rowe Price,Financials,Asset Management & Custody Banks
235,GPC,14900764894.49509,16492208016.93,119.33,0.9035033319491713,107.81505260149461,GPC,Genuine Parts Company,Consumer Discretionary,Distributors
236,NDSN,9316175710.260485,10324670266.08,214.12,0.9023218630881843,193.205157324442,NDSN,Nordson Corporation,Industrials,Industrial Machinery & Supplies & Components
237,DLR,49836027122.669044,55394457990.62,176.06,0.8996572749408944,158.39365982609388,DLR,Digital Realty,Real Estate,Data Center REITs
238,ROL,14957324401.836061,16687941955.63,56.41,0.8962953275847128,50.56001942905364,ROL,"Rollins, Inc.",Industrials,Environmental & Facilities Services
239,CSX,53772876845.40116,60207957963.119995,32.12,0.893119093631101,28.68698528743096,CSX,CSX Corporation,Industrials,Rail Transportation
240,TMO,130976055279.00665,147005507629.5,390.26,0.8909601918392568,347.7061244671884,TMO,Thermo Fisher Scientific,Health Care,Life Sciences Tools & Services
241,SBAC,21693256144.556286,24369243914.72,228.52,0.89018995502986,203.4262085234236,SBAC,SBA Communications,Real Estate,Telecom Tower REITs
242,ZBRA,12913936617.261526,14586450094.720001,289.36,0.8853378672262492,256.1813652605875,ZBRA,Zebra Technologies,Information Technology,Electronic Equipment & Instruments
243,CBOE,20747417922.593307,23476684799.35,225.41,0.8837456438128668,199.2051055718583,CBOE,Cboe Global Markets,Financials,Financial Exchanges & Data
244,NDAQ,38753313210.882,43998153957.0,85.95,0.8807940726048676,75.70425054038837,NDAQ,"Nasdaq, Inc.",Financials,Financial Exchanges & Data
245,AON,64532468216.38245,73338848008.31,350.81,0.8799220327140985,308.68544829643287,AON,Aon plc,Financials,Insurance Brokers
246,GEHC,28548662737.9889,32489246516.58,71.14,0.8787111367270357,62.51151026676133,GEHC,GE HealthCare,Health Care,Health Care Equipment
247,V,533956680628.27515,611308474050.96,357.84,0.873465203401979,312.56078838536416,V,Visa Inc.,Financials,Transaction & Payment Processing Services
248,MSCI,35738397104.666885,40985943975.45,548.55,0.8719671584500697,478.31758476778566,MSCI,MSCI Inc.,Financials,Financial Exchanges & Data
249,AVY,11661739696.529478,13473667763.5,173.95,0.8655207996237659,150.55734309455408,AVY,Avery Dennison,Materials,Paper & Plastic Packaging Products & Materials
250,CME,83735007093.34421,96785554453.8,269.7,0.8651601736012641,233.33369882026093,CME,CME Group,Financials,Financial Exchanges & Data
251,ABBV,279909821400.474,326960786997.48,185.48,0.856095998455715,158.78868579356603,ABBV,AbbVie,Health Care,Biotechnology
252,ICE,88042790193.47624,102984862894.20001,180.99,0.8549100102597186,154.73016275690648,ICE,Intercontinental Exchange,Financials,Financial Exchanges & Data
253,TXT,11780025201.254852,13789346994.36,76.86,0.8542844854127623,65.66030554882491,TXT,Textron,Industrials,Aerospace & Defense
254,WSM,16212683587.92101,19062932866.95,156.93,0.8504821215642763,133.46615933708188,WSM,"Williams-Sonoma, Inc.",Consumer Discretionary,Homefurnishing Retail
255,EBAY,29960550455.4164,35538674400.0,77.4,0.843040742549936,65.25135347336504,EBAY,eBay Inc.,Consumer Discretionary,Broadline Retail
256,ALGN,9899404097.44019,11840323450.08,175.16,0.8360754787803794,146.44698086317126,ALGN,Align Technology,Health Care,Health Care Supplies
257,KDP,33134604213.027134,39759781103.899994,32.87,0.8333698851721545,27.39286812560871,KDP,Keurig Dr Pepper,Consumer Staples,Soft Drinks & Non-alcoholic Beverages
258,CBRE,32005685149.076923,38548869002.18,132.26,0.8302626244953374,109.81053471575332,CBRE,CBRE Group,Real Estate,Real Estate Services
259,MPWR,26486791864.54492,31904225299.47,690.87,0.8301969916500347,573.5581956212595,MPWR,Monolithic Power Systems,Information Technology,Semiconductors
260,CDW,18593568496.7772,22410628203.600002,170.8,0.8296763628335221,141.7087227719656,CDW,CDW Corporation,Information Technology,Technology Distributors
261,LOW,98074302896.56796,118509034587.59999,211.92,0.8275681532455064,175.3782430357877,LOW,Lowe's,Consumer Discretionary,Home Improvement Retail
262,UNP,108672993373.21286,131396481457.56,220.59,0.827061669899535,182.44153376313844,UNP,Union Pacific Corporation,Industrials,Rail Transportation
263,DLTR,15883748473.112083,19300698208.75,98.35,0.822962376869411,80.93834976510658,DLTR,Dollar Tree,Consumer Staples,Consumer Staples Merchandise Retail
264,CHD,19403047530.947792,23620218424.16,96.16,0.821459276223345,78.99152400163686,CHD,Church & Dwight,Consumer Staples,Household Products
265,PAYX,40207249084.764114,49094356539.840004,152.52,0.8189790419625113,124.91068348012222,PAYX,Paychex,Industrials,Human Resource & Employment Services
266,MDT,90228211692.81165,110283145413.35,86.17,0.8181505102582006,70.50002946894915,MDT,Medtronic,Health Care,Health Care Equipment
267,PTC,16335262927.733854,20013077509.920002,167.53,0.8162294339607118,136.74291707143806,PTC,PTC Inc.,Information Technology,Application Software
268,FFIV,13339062501.13917,16431970312.13,288.59,0.8117749878900609,234.27014375519266,FFIV,"F5, Inc.",Information Technology,Communications Equipment
269,GWW,37208142504.975945,46023422030.04,1045.46,0.8084610153649543,845.2136531234452,GWW,W. W. Grainger,Industrials,Industrial Machinery & Supplies & Components
270,GRMN,27854737148.14131,34570175649.02,197.78,0.8057447387870286,159.36019443729847,GRMN,Garmin,Consumer Discretionary,Consumer Electronics
271,ORCL,276856417057.5824,343634055303.0,208.18,0.8056722341255255,167.7248457002519,ORCL,Oracle Corporation,Information Technology,Application Software
272,PG,298150636022.05554,371095601531.52,158.52,0.8034334947425436,127.36027758658801,PG,Procter & Gamble,Consumer Staples,Personal Care Products
273,KMI,42729585546.11629,53213039966.369995,27.47,0.8029908754155161,22.058159347664226,KMI,Kinder Morgan,Energy,Oil & Gas Storage & Transportation
274,MMC,85073492816.5286,106248121090.23,216.03,0.8007058566643349,172.97648621519625,MMC,Marsh McLennan,Financials,Insurance Brokers
275,AJG,63986081521.98547,80048463735.89,316.13,0.799341780413171,252.69591704201576,AJG,Arthur J. Gallagher & Co.,Financials,Insurance Brokers
276,CTSH,31318541273.015068,39180813457.68,79.71,0.7993336153381008,63.71488247860002,CTSH,Cognizant,Information Technology,IT Consulting & Other Services
277,ITW,51260394150.29409,64146825485.0,241.18,0.7991103809537815,192.72944167843303,ITW,Illinois Tool Works,Industrials,Industrial Machinery & Supplies & Components
278,IBM,209412025804.6207,262489586810.85,283.05,0.7977917461370496,225.8149537440919,IBM,IBM,Information Technology,IT Consulting & Other Services
279,HD,275938540081.3929,346445354572.56,348.78,0.7964850341891363,277.79805022448693,HD,Home Depot (The),Consumer Discretionary,Home Improvement Retail
280,ADI,89392927314.90689,112455855046.31999,227.44,0.7949157229571231,180.79563202936805,ADI,Analog Devices,Information Technology,Semiconductors
281,TDG,62954512337.94868,79679156785.58,1425.38,0.7901001325523807,1126.1929269375123,TDG,TransDigm Group,Industrials,Aerospace & Defense
282,PEP,139219289496.51935,176802434568.47998,129.29,0.7874285771930152,101.80664074528492,PEP,PepsiCo,Consumer Staples,Soft Drinks & Non-alcoholic Beverages
283,LH,17002442084.838047,21598481629.35,259.45,0.7872054330769979,204.24044961182707,LH,Labcorp,Health Care,Health Care Services
284,MKTX,6466905332.740103,8215832733.0,223.5,0.7871271900126332,175.9229269678235,MKTX,MarketAxess,Financials,Financial Exchanges & Data
285,DELL,27242430357.4047,34614976787.29,115.93,0.7870128160076546,91.2383957597674,DELL,Dell Technologies,Information Technology,"Technology Hardware, Storage & Peripherals"
286,BR,21895295295.33822,27891600818.16,238.76,0.7850139344129134,187.42992698042724,BR,Broadridge Financial Solutions,Industrials,Data Processing & Outsourced Services
287,HOLX,11107990752.019787,14157936614.28,64.14,0.7845769517583535,50.322765685780794,HOLX,Hologic,Health Care,Health Care Equipment
288,PM,222643288651.03757,284824756528.18,183.46,0.7816851714889808,143.4079615613684,PM,Philip Morris International,Consumer Staples,Tobacco
289,CPT,9489870104.700523,12173998890.300001,115.9,0.7795195473741879,90.3463155406684,CPT,Camden Property Trust,Real Estate,Multi-Family Residential REITs
290,WTW,22898446959.204453,29410665633.530003,297.79,0.7785762908099159,231.85223364028485,WTW,Willis Towers Watson,Financials,Insurance Brokers
291,INTU,162056082947.7732,208262832361.19998,764.9,0.7781325218256503,595.1935659444399,INTU,Intuit,Information Technology,Application Software
292,DD,21767218765.64622,28006684529.760002,67.14,0.777215123143773,52.18222336787292,DD,DuPont,Materials,Specialty Chemicals
293,PNR,12212077979.5568,15728255478.070002,96.23,0.776441989805174,74.7170126789519,PNR,Pentair,Industrials,Industrial Machinery & Supplies & Components
294,J,11824900385.153156,15249423140.76,128.46,0.7754326361071667,99.61207643432664,J,Jacobs Solutions,Industrials,Construction & Engineering
295,ADM,19865923400.27047,25704870475.8,54.1,0.772846664174922,41.81100453186328,ADM,Archer Daniels Midland,Consumer Staples,Agricultural Products & Services
296,STE,17832001804.3464,23231151038.64,237.08,0.7675901109973724,181.98026351525706,STE,Steris,Health Care,Health Care Equipment
297,TT,71968335776.43503,93847430334.59999,421.95,0.7668652782483433,323.5788041568884,TT,Trane Technologies,Industrials,Building Products
298,MA,387179464938.5359,512532175862.35004,569.45,0.7554246995071,430.1765951343181,MA,Mastercard,Financials,Transaction & Payment Processing Services
299,WELL,74593914717.30437,99183535851.53,151.87,0.7520796075365334,114.21832999657332,WELL,Welltower,Real Estate,Health Care REITs
300,MSI,50639331829.18945,67522170533.850006,406.41,0.7499659952993232,304.79368014959795,MSI,Motorola Solutions,Information Technology,Communications Equipment
301,NOC,50321973562.24295,68124604370.64001,503.97,0.738675461342282,372.27027225266994,NOC,Northrop Grumman,Industrials,Aerospace & Defense
302,FCX,43261043663.776245,59047821857.009995,41.37,0.7326441908143038,30.309490173987744,FCX,Freeport-McMoRan,Materials,Copper
303,ROST,30150216641.12998,41220350890.0,129.05,0.7314400772955181,94.3923419749866,ROST,Ross Stores,Consumer Discretionary,Apparel Retail
304,K,19980671430.68956,27439666003.97,80.23,0.7281674429928824,58.42087395131896,K,Kellanova,Consumer Staples,Packaged Foods & Meats
305,JBL,14765559701.739124,20366537474.219997,196.89,0.724991163590247,142.7435101992837,JBL,Jabil,Information Technology,Electronic Manufacturing Services
306,KLAC,83771040191.21486,117844785185.0,893.0,0.7108591191345967,634.7971933871947,KLAC,KLA Corporation,Information Technology,Semiconductor Materials & Equipment
307,AZO,42744283531.216805,60135330601.5,3604.65,0.7108015055986173,2562.190647156056,AZO,AutoZone,Consumer Discretionary,Automotive Retail
308,RSG,55175857123.85135,77650673353.12,248.98,0.710565082583851,176.91649426172722,RSG,Republic Services,Industrials,Environmental & Facilities Services
309,CPRT,30161104476.209816,42545348112.0,48.0,0.7089166222547093,34.02799786822605,CPRT,Copart,Industrials,Diversified Support Services
310,YUM,27344868339.294582,38809911225.46,139.99,0.7045846660261325,98.63480739699828,YUM,Yum! Brands,Consumer Discretionary,Restaurants
311,CSCO,179852976751.6641,258292750415.38998,65.33,0.6963144589324402,45.49022360205632,CSCO,Cisco,Information Technology,Communications Equipment
312,SBUX,72065995996.34467,103893445165.68001,91.59,0.6936529622385728,63.53167481143088,SBUX,Starbucks,Consumer Discretionary,Restaurants
313,NXPI,36863598171.40407,53666421498.060005,212.83,0.6869024828260005,146.1934554198577,NXPI,NXP Semiconductors,Information Technology,Semiconductors
314,A,22476138274.150772,32851431575.690002,116.09,0.6841753067097104,79.42591135593028,A,Agilent Technologies,Health Care,Life Sciences Tools & Services
315,DAY,6080388257.592875,8909769328.46,56.87,0.682440592280051,38.810396482966496,DAY,Dayforce,Industrials,Human Resource & Employment Services
316,NWSA,10565776700.357552,15624605431.92,27.76,0.6762267851431558,18.772055555574006,NWSA,News Corp (Class A),Communication Services,Publishing
317,TECH,5160131403.943995,7669887736.5,49.5,0.6727779572819039,33.302508885454245,TECH,Bio-Techne,Health Care,Life Sciences Tools & Services
318,HON,90841911066.71786,135413610367.56,221.79,0.6708477147913056,148.78731466356365,HON,Honeywell,Industrials,Industrial Conglomerates
319,CCI,28496127230.276634,42924418388.67,98.81,0.6638675210983931,65.59674975973222,CCI,Crown Castle,Real Estate,Telecom Tower REITs
320,DXCM,21021545088.1793,31862195461.53,81.83,0.6597644884063447,53.98852808629119,DXCM,Dexcom,Health Care,Health Care Equipment
321,CRWD,78990836626.59421,120340577344.68,492.03,0.6563940307544671,322.96555495212044,CRWD,CrowdStrike,Information Technology,Systems Software
322,DE,92754448442.57446,141364780785.28,523.12,0.6561354810393677,343.23759284131404,DE,Deere & Company,Industrials,Agricultural & Farm Machinery
323,VRSN,17282437555.226994,26414537058.6,283.96,0.6542775107845477,185.78864196238013,VRSN,Verisign,Information Technology,Internet Services & Infrastructure
324,NOW,135528891853.94022,207433679970.87,1004.91,0.6533601094719652,656.5681076094726,NOW,ServiceNow,Information Technology,Systems Software
325,AFL,35600640199.95471,54707083865.880005,102.09,0.6507500982365156,66.43507752896589,AFL,Aflac,Financials,Life & Health Insurance
326,ZTS,46437838392.49402,71845068367.73999,161.67,0.6463608351627045,104.4971562207544,ZTS,Zoetis,Health Care,Pharmaceuticals
327,AMT,64803822798.78006,100436280740.28,215.14,0.6452232432457096,138.81332855188197,AMT,American Tower,Real Estate,Telecom Tower REITs
328,AAPL,1877353158208.3716,2917282065366.5596,195.64,0.6435281594796629,125.89984912060122,AAPL,Apple Inc.,Information Technology,"Technology Hardware, Storage & Peripherals"
329,SYK,82455179650.73921,128538437737.75,373.37,0.6414826654340396,239.51038279310737,SYK,Stryker Corporation,Health Care,Health Care Equipment
330,VLTO,14806396087.248266,23157029535.36,97.44,0.6393909920371869,62.302258264103486,VLTO,Veralto,Industrials,Environmental & Facilities Services
331,DHR,78854179678.41068,124640139838.5,195.75,0.6326547754245496,123.84217228935559,DHR,Danaher Corporation,Health Care,Life Sciences Tools & Services
332,MCO,49481400299.130325,78435228837.64,471.23,0.6308568360469279,297.2786668503938,MCO,Moody's Corporation,Financials,Financial Exchanges & Data
333,DGX,12536932641.83044,19874884547.1,178.95,0.6307927279839087,112.88035867272046,DGX,Quest Diagnostics,Health Care,Health Care Services
334,CMG,43362739840.25284,68750584413.56,51.38,0.6307253997931137,32.40667104137018,CMG,Chipotle Mexican Grill,Consumer Discretionary,Restaurants
335,BG,7171353324.7708435,11397729042.48,85.69,0.6291914203296808,53.91541280805034,BG,Bunge Global,Consumer Staples,Agricultural Products & Services
336,KR,30554488935.461548,48840253836.0,65.95,0.6256005351253914,41.25835529151956,KR,Kroger,Consumer Staples,Food Retail
337,ADP,77870398571.09033,124603983181.08,307.62,0.6249430923723011,192.24499407556726,ADP,Automatic Data Processing,Industrials,Human Resource & Employment Services
338,WMT,255245724549.78845,409879025224.5,94.25,0.6227342919291481,58.69270701432221,WMT,Walmart,Consumer Staples,Consumer Staples Merchandise Retail
339,ANSS,18062578863.61757,29458862671.910004,336.79,0.6131458320297217,206.50138476928998,ANSS,Ansys,Information Technology,Application Software
340,ADSK,38812438407.892166,63352474293.00001,296.85,0.6126428184696909,181.8630206627278,ADSK,Autodesk,Information Technology,Application Software
341,MTD,14332774470.602867,23515587827.989998,1150.57,0.6095010073931869,701.273574076379,MTD,Mettler Toledo,Health Care,Life Sciences Tools & Services
342,HES,25572131701.29127,42057945521.67,144.31,0.6080214186428923,87.74357092435578,HES,Hess Corporation,Energy,Integrated Oil & Gas
343,ETN,78241588579.87758,128935404168.48,330.51,0.6068278071835044,200.56265855222,ETN,Eaton Corporation,Industrials,Electrical Components & Equipment
344,HAS,5377161008.46176,8911923952.5,67.5,0.6033670212090783,40.72727393161278,HAS,Hasbro,Consumer Discretionary,Leisure Products
345,LRCX,70747007682.15933,118084538469.58,92.66,0.5991216851847595,55.51461534921982,LRCX,Lam Research,Information Technology,Semiconductor Materials & Equipment
346,TJX,81737850151.10565,136956041883.37001,123.01,0.5968181397992836,73.41459937670987,TJX,TJX Companies,Consumer Discretionary,Apparel Retail
347,OTIS,22332895421.795082,37566556423.15,95.35,0.5944887567078857,56.684502952096906,OTIS,Otis Worldwide,Industrials,Industrial Machinery & Supplies & Components
348,VMC,20220190162.230034,34141388589.120003,259.04,0.5922486166445409,153.4160816556019,VMC,Vulcan Materials Company,Materials,Construction Materials
349,NWS,10565776700.357552,17921017181.28,31.84,0.5895746091574751,18.772055555574006,NWS,News Corp (Class B),Communication Services,Publishing
350,ORLY,44277347045.133835,75211582464.0,88.8,0.5887038351616545,52.27690056235491,ORLY,O‚ÄôReilly Automotive,Consumer Discretionary,Automotive Retail
351,MCD,122804604523.43713,208672618263.94,292.31,0.5885036836414611,172.0255117652355,MCD,McDonald's,Consumer Discretionary,Restaurants
352,DPZ,8951621721.937756,15256546764.339998,458.78,0.5867397033030367,269.18444108136714,DPZ,Domino's,Consumer Discretionary,Restaurants
353,VTR,16483934026.65959,28176761921.399998,62.76,0.5850187495867007,36.715776724061335,VTR,Ventas,Real Estate,Health Care REITs
354,BLK,80434321050.5318,139329947736.18,969.18,0.5772938435520946,559.5016472938189,BLK,BlackRock,Financials,Asset Management & Custody Banks
355,MSFT,2045352670235.025,3548043464043.12,478.04,0.5764733975113917,275.5773429463457,MSFT,Microsoft,Information Technology,Systems Software
356,MKC,11054990803.229977,19298469461.76,72.96,0.572842878816659,41.794616438463436,MKC,McCormick & Company,Consumer Staples,Packaged Foods & Meats
357,PODD,12162062650.117985,21326097604.45,304.39,0.5702901147549936,173.5906080302725,PODD,Insulet Corporation,Health Care,Health Care Equipment
358,PKG,9281670562.7721,16334475334.3,186.35,0.5682258152046032,105.8888806633778,PKG,Packaging Corporation of America,Materials,Paper & Plastic Packaging Products & Materials
359,JKHY,7391466571.797197,13037283386.640001,180.33,0.5669483704996109,102.23779965219484,JKHY,Jack Henry & Associates,Financials,Transaction & Payment Processing Services
360,FIS,23850083605.577065,42151626956.159996,80.44,0.5658164423969319,45.5142746264092,FIS,Fidelity National Information Services,Financials,Transaction & Payment Processing Services
361,TYL,13979182832.790241,24912629611.679996,580.56,0.5611283533969559,325.7686768481367,TYL,Tyler Technologies,Information Technology,Application Software
362,INCY,6217960249.590166,11082928821.51,68.81,0.5610394463169526,38.60512430106951,INCY,Incyte,Health Care,Biotechnology
363,ODFL,16452643901.62062,30436836765.159996,156.67,0.5405503873008708,84.68802917842743,ODFL,Old Dominion,Industrials,Cargo Ground Transportation
364,CTVA,27229495869.485504,50504363462.59,74.21,0.5391513525292752,40.01042187119751,CTVA,Corteva,Materials,Fertilizers & Agricultural Chemicals
365,CTAS,40769590774.16826,75935294802.4,221.32,0.5368990912626272,118.82650687824466,CTAS,Cintas,Industrials,Diversified Support Services
366,NSC,29889983869.171207,56356199622.399994,250.42,0.5303761444072035,132.81679408245188,NSC,Norfolk Southern,Industrials,Rail Transportation
367,SHW,40532751718.81992,76453652676.09999,331.03,0.5301610884510529,175.49922510995202,SHW,Sherwin-Williams,Materials,Specialty Chemicals
368,KVUE,21617050716.894165,41100301512.0,21.44,0.5259584460854299,11.276549084071616,KVUE,Kenvue,Consumer Staples,Personal Care Products
369,ECL,39002104394.27835,74590016358.0,261.34,0.5228863901448288,136.65112920044956,ECL,Ecolab,Materials,Specialty Chemicals
370,KEYS,14316396358.21995,27426741147.300003,160.49,0.5219867822185398,83.77365867825345,KEYS,Keysight Technologies,Information Technology,Electronic Equipment & Instruments
371,WAT,10568351050.338036,20258156172.600002,341.1,0.5216837583981196,177.94632998959864,WAT,Waters Corporation,Health Care,Life Sciences Tools & Services
372,BX,50957093356.10535,99519951057.81,135.69,0.5120289229895718,69.477204560455,BX,Blackstone Inc.,Financials,Asset Management & Custody Banks
373,COO,6912138322.187506,13623959459.880001,68.76,0.5073516507842271,34.885499507923456,COO,Cooper Companies (The),Health Care,Health Care Supplies
374,APH,56414658271.65928,111520042044.8,92.8,0.5058701309401973,46.9447481512503,APH,Amphenol,Information Technology,Electronic Components
375,EFX,15680217266.345327,31634707968.0,256.0,0.4956649918250109,126.89023790720279,EFX,Equifax,Industrials,Research & Consulting Services
376,WMB,35177958721.87079,71034585804.0,58.5,0.49522297235510726,28.970543882773775,WMB,Williams Companies,Energy,Oil & Gas Storage & Transportation
377,WM,45898123519.81869,94011707483.1,234.3,0.48821710347160274,114.38926734339654,WM,Waste Management,Industrials,Environmental & Facilities Services
378,IFF,9236799487.108133,19149727278.18,75.03,0.4823462680658084,36.1904404929776,IFF,International Flavors & Fragrances,Materials,Specialty Chemicals
379,SNPS,35316223024.90009,73261180416.8,475.4,0.48205915907958125,229.17092422643293,SNPS,Synopsys,Information Technology,Application Software
380,RVTY,5298077669.075677,11038119743.199999,94.16,0.4799800864943091,45.19492494430415,RVTY,Revvity,Health Care,Health Care Equipment
381,BAX,7316893683.860153,15289236508.480001,29.92,0.4785650140085099,14.318665219134617,BAX,Baxter International,Health Care,Health Care Equipment
382,CLX,7164491396.446695,15008534930.4,122.1,0.4773611434874244,58.285795619814515,CLX,Clorox,Consumer Staples,Household Products
383,RTX,86392228436.7499,181338953180.15997,148.48,0.47641296545326006,70.73779711050004,RTX,RTX Corporation,Industrials,Aerospace & Defense
384,AIG,22612230159.16371,48333216496.26,84.22,0.4678403755916686,39.40151643233033,AIG,American International Group,Financials,Multi-line Insurance
385,IP,11284634014.915588,24137164924.26,45.93,0.4675211049154131,21.473244348764922,IP,International Paper,Materials,Paper & Plastic Packaging Products & Materials
386,TSCO,12562031628.19135,26937574092.179996,50.98,0.4663386385575871,23.77394379366579,TSCO,Tractor Supply,Consumer Discretionary,Other Specialty Retail
387,TRMB,7834964609.361547,17046863414.880001,71.76,0.45961326835777316,32.98184813735381,TRMB,Trimble Inc.,Information Technology,Electronic Equipment & Instruments
388,EXPD,6898964534.035019,15453264972.98,113.81,0.44644057719180014,50.80940209019877,EXPD,Expeditors International,Industrials,Air Freight & Logistics
389,CHRW,4910103535.927922,11078885179.95,93.59,0.44319473089349964,41.47859486432264,CHRW,C.H. Robinson,Industrials,Air Freight & Logistics
390,FAST,20855819400.09351,47541078461.7,41.55,0.4386904983002301,18.22759020437456,FAST,Fastenal,Industrials,Trading Companies & Distributors
391,VRSK,18140581657.57162,42850663688.91,307.23,0.423344240109553,130.064050888858,VRSK,Verisk Analytics,Industrials,Research & Consulting Services
392,ABT,95677669911.99657,228815326178.8,132.28,0.41814362486030543,55.3120386965212,ABT,Abbott Laboratories,Health Care,Health Care Equipment
393,CDNS,33905185348.231823,81333409807.0,299.0,0.4168666410112042,124.64312566235006,CDNS,Cadence Design Systems,Information Technology,Application Software
394,BSX,61907257177.4205,150079655149.38,101.73,0.4124959983137078,41.963217908453494,BSX,Boston Scientific,Health Care,Health Care Equipment
395,PPG,10022405589.735485,24332242365.0,107.54,0.4118981489413372,44.2955269371514,PPG,PPG Industries,Materials,Specialty Chemicals
396,HWM,27917094220.907116,68761257544.2,172.12,0.40600034405947133,69.8807792195162,HWM,Howmet Aerospace,Industrials,Aerospace & Defense
397,IDXX,16573591194.504532,41415102757.350006,520.59,0.4001823028572153,208.33090504443774,IDXX,Idexx Laboratories,Health Care,Health Care Equipment
398,AMZN,810849892848.2194,2056193309350.5999,214.82,0.394345166459231,84.713228658772,AMZN,Amazon,Consumer Discretionary,Broadline Retail
399,LIN,85322181003.37845,216381031648.09998,460.9,0.3943145124760184,181.73955880019685,LIN,Linde plc,Materials,Industrial Gases
400,MLM,12602306421.869274,32378447217.38,541.39,0.38921898685446066,210.71926729313645,MLM,Martin Marietta Materials,Materials,Construction Materials
401,AMD,78842018209.5512,204644092316.8,127.1,0.38526408124940903,48.96706472679988,AMD,Advanced Micro Devices,Information Technology,Semiconductors
402,KO,99287575287.8822,269522940666.18002,69.62,0.3683826506288223,25.646800136778612,KO,Coca-Cola Company (The),Consumer Staples,Soft Drinks & Non-alcoholic Beverages
403,TER,5070139376.72064,13806753262.740002,86.43,0.3672216979790115,31.738971356325965,TER,Teradyne,Information Technology,Semiconductor Materials & Equipment
404,DOV,8770622841.595516,24009525214.16,176.08,0.3652976376402021,64.3216080356868,DOV,Dover Corporation,Industrials,Industrial Machinery & Supplies & Components
405,ROK,13076654993.810152,35998108998.22,320.41,0.36325949772685984,116.39197566666317,ROK,Rockwell Automation,Industrials,Electrical Components & Equipment
406,NUE,10149180068.640497,28002865644.0,122.2,0.3624336236750505,44.28938881309117,NUE,Nucor,Materials,Steel
407,JCI,24297694341.35299,68069238647.520004,103.84,0.3569555767646042,37.066267091236504,JCI,Johnson Controls,Industrials,Building Products
408,COST,153386672638.67844,432408362553.48004,977.72,0.35472642511558194,346.8231203640068,COST,Costco,Consumer Staples,Consumer Staples Merchandise Retail
409,EQT,12307897269.227768,34920770926.299995,58.87,0.3524520491029103,20.748852130688327,EQT,EQT Corporation,Energy,Oil & Gas Exploration & Production
410,GLW,13794319457.996784,39474126319.28,50.48,0.3494521790406124,17.640345997970112,GLW,Corning Inc.,Information Technology,Electronic Components
411,AXON,19861109886.45172,57649580532.24,777.54,0.3445143868019053,267.8737163139534,AXON,Axon Enterprise,Industrials,Aerospace & Defense
412,FICO,14127785749.260464,42020558253.520004,1776.94,0.3362112817260584,597.4272749503023,FICO,Fair Isaac,Information Technology,Application Software
413,TFC,17006575040.845345,50975860697.49,39.03,0.3336201646847864,13.021195027647213,TFC,Truist Financial,Financials,Diversified Banks
414,NFLX,162769100184.33463,516054139285.41003,1220.67,0.3154108993481267,385.01262250727785,NFLX,Netflix,Communication Services,Movies & Entertainment
415,TRGP,10997694873.309038,36188256276.9,169.65,0.30390231541300267,51.55702780981591,TRGP,Targa Resources,Energy,Oil & Gas Storage & Transportation
416,WY,5634793761.198049,18685697351.36,25.87,0.30155651433517044,7.80126702585086,WY,Weyerhaeuser,Real Estate,Timber REITs
417,URI,13134152961.546558,44930193063.1,694.99,0.29232353716132364,203.16193509174832,URI,United Rentals,Industrials,Trading Companies & Distributors
418,KEY,4929245018.830198,17158495143.79,15.73,0.2872772336689555,4.51887088561267,KEY,KeyCorp,Financials,Regional Banks
419,WST,4444603148.382261,15553800470.62,218.06,0.28575672915296774,62.31211235909614,WST,West Pharmaceutical Services,Health Care,Health Care Supplies
420,SCHW,35319673844.42362,152243302973.44,88.96,0.2319949262437206,20.638268638641385,SCHW,Charles Schwab Corporation,Financials,Investment Banking & Brokerage
421,GEV,29340666405.59346,133161563730.62001,488.66,0.2203388544231002,107.67078460239215,GEV,GE Vernova,Industrials,Heavy Electrical Equipment
422,MCHP,7808316170.450845,35709050739.88,67.69,0.21866490451762385,14.801427386797958,MCHP,Microchip Technology,Information Technology,Semiconductors
423,WEC,7191576100.999207,33127447564.199997,104.1,0.2170881438137408,22.598875771010416,WEC,WEC Energy Group,Utilities,Electric Utilities
424,WFC,50577623424.91092,235366718170.0,72.5,0.21488859520223186,15.579423152161809,WFC,Wells Fargo,Financials,Diversified Banks
425,STX,5666568974.761248,27667640118.33,130.87,0.20480853988725647,26.803293615045256,STX,Seagate Technology,Information Technology,"Technology Hardware, Storage & Peripherals"
426,ISRG,36096025422.4707,182444604087.47,512.11,0.19784649484708833,101.31916847614241,ISRG,Intuitive Surgical,Health Care,Health Care Equipment
427,KMX,1847920967.0024228,9788650875.730001,64.43,0.18878198747328515,12.163223452903765,KMX,CarMax,Consumer Discretionary,Automotive Retail
428,SO,17017670021.269203,96883026309.54001,88.42,0.17565171805118854,15.531124910086092,SO,Southern Company,Utilities,Electric Utilities
429,GE,43859956853.30092,250505664875.25,235.75,0.1750856886815029,41.27645110666431,GE,GE Aerospace,Industrials,Aerospace & Defense
430,CMI,7479356316.944479,43111121164.4,314.8,0.1734901833896338,54.61470973105672,CMI,Cummins,Industrials,Construction Machinery & Heavy Transportation Equipment
431,TSLA,147392174857.9978,886822315990.65,316.35,0.1662026002281519,52.57819258217585,TSLA,"Tesla, Inc.",Consumer Discretionary,Automobile Manufacturers
432,PLTR,45825361178.61257,301069519664.19995,138.2,0.1522085703983725,21.035224429055077,PLTR,Palantir Technologies,Information Technology,Application Software
433,TXN,18860671270.525375,179148651736.96,197.69,0.10527944859009089,20.812694191775066,TXN,Texas Instruments,Information Technology,Semiconductors
434,EW,4425863412.929655,42537056323.579994,73.27,0.10404724246224395,7.623541455208613,EW,Edwards Lifesciences,Health Care,Health Care Equipment
435,TPL,2171838455.2594743,21025353775.6,1087.6,0.10329616702002423,112.34491125097833,TPL,Texas Pacific Land Corporation,Energy,Oil & Gas Exploration & Production
436,MMM,6063403568.889832,76416142610.01001,142.21,0.0793471557421372,11.283959018089334,MMM,3M,Industrials,Industrial Conglomerates
437,MOS,824736734.8326828,11391227087.679998,36.16,0.07240104410916923,2.618021754987559,MOS,Mosaic Company (The),Materials,Fertilizers & Agricultural Chemicals
438,HII,541336847.9392703,9121627567.36,234.08,0.05934651946066518,13.891833275352505,HII,Huntington Ingalls Industries,Industrials,Aerospace & Defense
439,EQIX,4318679151.026464,86415819017.92,886.76,0.04997556234618227,44.31632966610059,EQIX,Equinix,Real Estate,Data Center REITs
440,SW,802744436.0749767,22157167735.01,42.79,0.03622955991828233,1.5502628689033007,SW,Smurfit Westrock,Materials,Paper & Plastic Packaging Products & Materials
441,MU,2629769193.909912,133958672379.62001,120.34,0.019631197795522463,2.3624183427131733,MU,Micron Technology,Information Technology,Semiconductors
442,LLY,13394979188.767994,708555648668.36,791.24,0.01890462550675046,14.958095885961232,LLY,Lilly (Eli),Health Care,Pharmaceuticals
443,CARR,817773383.8762939,56163105051.18,69.78,0.014560686826896018,1.0160447267808042,CARR,Carrier Global,Industrials,Building Products
444,DUK,1031377467.5333277,88983122380.49,114.79,0.01159070888885174,1.3304974733512913,DUK,Duke Energy,Utilities,Electric Utilities
445,EXE,225002948.24363625,27626938069.79,119.59,0.00814433172707172,0.973980631240507,EXE,Expand Energy,Energy,Oil & Gas Exploration & Production
